R̸̼̓i̷̫̅́͛P̷̰͚̑k̷̪̂̂̋a̷̘͐͜Q̵̠̏̑;6;Astraliym;5;Kaths01;5;Карта 32 мопса;5;Kot_Est_Kapysty;5;Rixs 39 | 3 👼;5;Armageddon;5;;;;;;;;;;;;
Мишаня;5;Ай;5;Kot_Est_Kapysty;5;Protagonist 499 МОП;5;Ljoshaa;5;;;;;;;;;;;;;;;;
NetProblem (Егор);4;Ай;4;Rixs 39 | 3 👼;4;Карта 32 мопса;4;Kaifas Cain;4;;;;;;;;;;;;;;;;
Люци★Фер;5;Anime Show;5;Protagonist 499 МОП;5;♦Murth🎭EL♠ (Мишель);5;Ljoshaa;5;Klisp(Микаэль);5;;;;;;;;;;;;;;
Kaths01;1;𝓷𝓾𝓵𝓮𝓿𝓸𝔂;4;Kot_Est_Kapysty;4;fa4eh;2;Андрюша;3;Чебурекс;3;;;;;;;;;;;;;;
Astraliym;4;R̸̼̓i̷̫̅́͛P̷̰͚̑k̷̪̂̂̋a̷̘͐͜Q̵̠̏̑;5;NetProblem (Егор);5;Ljoshaa;5;Kaifas Cain;5;;;;;;;;;;;;;;;;
Ай;6;Мишаня;6;ӇƛƖƦƠ;6;Rixs 39 | 3 👼;6;Вив;6;;;;;;;;;;;;;;;;
NetProblem (Егор);5;Lafelor 13 годиков;5;Quarri;5;Скитлс;5;Люци★Фер;5;;;;;;;;;;;;;;;;
Anime Show;5;Люци★Фер;5;NetProblem (Егор);5;Protagonist 499 МОП;5;Kot_Est_Kapysty;5;Rixs 39 | 3 👼;5;;;;;;;;;;;;;;
Ай;5;ӇƛƖƦƠ;4;NetProblem (Егор);4;Люци★Фер;4;;;;;;;;;;;;;;;;;;
R̸̼̓i̷̫̅́͛P̷̰͚̑k̷̪̂̂̋a̷̘͐͜Q̵̠̏̑;6;Lafelor 13 годиков;5;Rixs 39 | 3 👼;5;Astraliym;5;Armageddon;5;Sokol;0;Карта 32 мопса;0;Klisp(Микаэль);5;;;;;;;;;;
NetProblem (Егор);7;Ай;7;Люци★Фер;7;Вив;7;Ljoshaa;7;;;;;;;;;;;;;;;;
R̸̼̓i̷̫̅́͛P̷̰͚̑k̷̪̂̂̋a̷̘͐͜Q̵̠̏̑;5;NetProblem (Егор);5;Андрюша;5;Rixs 39 | 3 👼;5;;;;;;;;;;;;;;;;;;
Astraliym;6;Kaths01;6;Kaifas Cain;6;Misfits;6;Deleted User;6;Андрюша;6;;;;;;;;;;;;;;
Ай;4;Элифас;4;Humanov 5;4;D1ABEF1D;4;F rank god;4;;;;;;;;;;;;;;;;
Kaths01;5;NetProblem (Егор);5;Ljoshaa;5;Kot_Est_Kapysty;5;trog1g;1;;;;;;;;;;;;;;;;
Ай;3;Элифас;3;Humanov 5;3;D1ABEF1D;3;F rank god;3;;;;;;;;;;;;;;;;
Мишаня;5;R̸̼̓i̷̫̅́͛P̷̰͚̑k̷̪̂̂̋a̷̘͐͜Q̵̠̏̑;5;pudj;5;Ай;5;Ljoshaa;5;D1ABEF1D;5;;;;;;;;;;;;;;
Rixs 39 | 3 👼;4;Fedir;4;Kaifas Cain;4;Kodi;4;Карта 32 мопса;4;Yurolips;4;;;;;;;;;;;;;;
ӇƛƖƦƠ;5;Вив;5;Андрюша;5;Protagonist 499 МОП;5;;;;;;;;;;;;;;;;;;
Rixs 39 | 3 👼;4;Ай;4;♦Murth🎭EL♠ (Мишель);4;;;;;;;;;;;;;;;;;;;;
Ljoshaa;6;Мишаня;6;NetProblem (Егор);6;Kot_Est_Kapysty;6;Карта 32 мопса;6;D1ABEF1D;6;;;;;;;;;;;;;;
Ай;4;D1ABEF1D;4;Humanov 5;4;Люци★Фер;4;Kaifas Cain;4;;;;;;;;;;;;;;;;
ӇƛƖƦƠ;5;NetProblem (Егор);4;Вив;4;Protagonist 499 МОП;4;Kot_Est_Kapysty;4;;;;;;;;;;;;;;;;
Lafelor 13 годиков;4;NetProblem (Егор);4;Humanov 5;4;Kot_Est_Kapysty;4;pudj;4;fa4eh;4;;;;;;;;;;;;;;
Rixs 39 | 3 👼;4;Ай;5;♦Murth🎭EL♠ (Мишель);5;;;;;;;;;;;;;;;;;;;;
♦Murth🎭EL♠ (Мишель);5;Nobius(Дран);5;Шакшука;5;Kot_Est_Kapysty;5;;;;;;;;;;;;;;;;;;
Ай;4;Quarri;4;NetProblem (Егор);4;Rixs 39 | 3 👼;4;Элифас;4;;;;;;;;;;;;;;;;
Ай;7;Quarri;6;NetProblem (Егор);6;Rixs 39 | 3 👼;6;Элифас;6;;;;;;;;;;;;;;;;
Мишаня;5;Элифас;5;𐎰𐎱𐎲𐎳𐎴𐎵;5;fa4eh;5;surok557;5;;;;;;;;;;;;;;;;
♦Murth🎭EL♠ (Мишель);4;Карта 32 мопса;4;Protagonist 499 МОП;4;Ай;4;Элифас;4;;;;;;;;;;;;;;;;
♦Murth🎭EL♠ (Мишель);5;Карта 32 мопса;5;Protagonist 499 МОП;5;Ай;5;Элифас;5;;;;;;;;;;;;;;;;
Kaths01;5;R̸̼̓i̷̫̅́͛P̷̰͚̑k̷̪̂̂̋a̷̘͐͜Q̵̠̏̑;5;pudj;5;D1ABEF1D;5;Humanov 5;5;;;;;;;;;;;;;;;;
Lafelor 13 годиков;3;Rixs 39 | 3 👼;3;Astraliym;3;R̸̼̓i̷̫̅́͛P̷̰͚̑k̷̪̂̂̋a̷̘͐͜Q̵̠̏̑;3;D1ABEF1D;3;Armageddon;3;;;;;;;;;;;;;;
Ljoshaa;7;pudj;7;Элифас;7;Protagonist 499 МОП;7;Kaifas Cain;10;;;;;;;;;;;;;;;;
Ай;5;♦Murth🎭EL♠ (Мишель);4;surok557;4;NetProblem (Егор);4;;;;;;;;;;;;;;;;;;
𝓷𝓾𝓵𝓮𝓿𝓸𝔂;4;Astraliym;4;Rixs 39 | 3 👼;4;Armageddon;2;;;;;;;;;;;;;;;;;;
Эрго;5;Kaifas Cain;5;утка;5;Karach (Боб);5;Магнус Эстонский;5;Карта 32 мопса;5;Anime Show;5;;;;;;;;;;;;
Quarri;6;Ай;6;Элифас;6;NetProblem (Егор);6;D1ABEF1D;6;;;;;;;;;;;;;;;;
NetProblem (Егор);5;Rixs 39 | 3 👼;5;Вив;5;Armageddon;5;R̸̼̓i̷̫̅́͛P̷̰͚̑k̷̪̂̂̋a̷̘͐͜Q̵̠̏̑;5;;;;;;;;;;;;;;;;
NetProblem (Егор);3;Ljoshaa;3;Protagonist 499 МОП;3;Fedir;3;Aibot(Клат);3;;;;;;;;;;;;;;;;
Ай;6;Astraliym;5;ӇƛƖƦƠ;5;Anime Show;5;Rixs 39 | 3 👼;5;;;;;;;;;;;;;;;;
NetProblem (Егор);4;Anime Show;4;Chara;4;reset;4;Эрго;4;Kot_Est_Kapysty;4;;;;;;;;;;;;;;
Ай;3;Astraliym;3;ӇƛƖƦƠ;3;Anime Show;3;Rixs 39 | 3 👼;3;;;;;;;;;;;;;;;;
R̸̼̓i̷̫̅́͛P̷̰͚̑k̷̪̂̂̋a̷̘͐͜Q̵̠̏̑;4;Aibot(Клат);3;Ljoshaa;3;reset;3;𐎰𐎱𐎲𐎳𐎴𐎵;3;утка;3;;;;;;;;;;;;;;
Ай;4;Astraliym;4;♦Murth🎭EL♠ (Мишель);4;Protagonist 499 МОП;4;Эрго;4;Chara;4;;;;;;;;;;;;;;
Эрго;11;Ljoshaa;11;♦Murth🎭EL♠ (Мишель);11;𝓷𝓾𝓵𝓮𝓿𝓸𝔂;11;Андрюша;11;;;;;;;;;;;;;;;;
Ай;4;Rixs 39 | 3 👼;4;D1ABEF1D;4;Kodi;4;;;;;;;;;;;;;;;;;;
Muslim;3;reset;3;𐎰𐎱𐎲𐎳𐎴𐎵;3;Kaifas Cain;3;Yurolips;3;;;;;;;;;;;;;;;;
pudj;6;Kaifas Cain;6;Muslim;6;Kot_Est_Kapysty;6;GoldFish;6;SHIRUME (Гуах);49;;;;;;;;;;;;;;
DoogGier(Артём);2;Kaifas Cain;2;Protagonist 499 МОП;2;;;;;;;;;;;;;;;;;;;;
𝓷𝓾𝓵𝓮𝓿𝓸𝔂;2;Rixs 39 | 3 👼;3;♦Murth🎭EL♠ (Мишель);3;Буржуй hilk;3;;;;;;;;;;;;;;;;;;
Kaths01;6;Андрюша;50;Grout Valmer;5;Damaceo (Клоун/Дурачок);5;ARG;5;;;;;;;;;;;;;;;;
Ай;5;NetProblem (Егор);4;Элифас;4;Ljoshaa;4;Humanov 5;4;;;;;;;;;;;;;;;;
NetProblem (Егор);3;Kot_Est_Kapysty;3;Ljoshaa;3;Humanov 5;3;D1ABEF1D;3;;;;;;;;;;;;;;;;
Aibot(Клат);3;Protagonist 499 МОП;2;Андрюша;2;Буржуй hilk;1;;;;;;;;;;;;;;;;;;
pudj;6;Rixs 39 | 3 👼;6;Fedir;6;DoogGier(Артём);6;Ljoshaa;6;;;;;;;;;;;;;;;;
NetProblem (Егор);3;Ljoshaa;3;Kaths01;3;𐎰𐎱𐎲𐎳𐎴𐎵;3;[] Михайло Бихов [];3;;;;;;;;;;;;;;;;
𝓷𝓾𝓵𝓮𝓿𝓸𝔂;5;Ljoshaa;5;F rank god;5;утка;5;Андрюша;5;;;;;;;;;;;;;;;;
Ай;4;Элифас;3;Aibot(Клат);3;Humanov 5;3;Kaths01;3;;;;;;;;;;;;;;;;
R̸̼̓i̷̫̅́͛P̷̰͚̑k̷̪̂̂̋a̷̘͐͜Q̵̠̏̑;4;Humanov 5;3;[] Михайло Бихов [];3;Андрюша;3;утка;3;Nobius(Дран);3;;;;;;;;;;;;;;
Эрго;6;Ай;6;Rixs 39 | 3 👼;6;Карта 32 мопса;6;Protagonist 499 МОП;6;;;;;;;;;;;;;;;;
pudj;4;NetProblem (Егор);4;Kot_Est_Kapysty;4;D1ABEF1D;4;Ljoshaa;4;;;;;;;;;;;;;;;;
Ай;4;Карта 32 мопса;4;Вив;4;Элифас;4;;;;;;;;;;;;;;;;;;
Anime Show;6;Rixs 39 | 3 👼;6;Ljoshaa;6;Kot_Est_Kapysty;6;Protagonist 499 МОП;6;♦Murth🎭EL♠ (Мишель);6;;;;;;;;;;;;;;
Эрго;7;Андрюша;7;D1ABEF1D;7;Kaths01;7;𐎰𐎱𐎲𐎳𐎴𐎵;7;;;;;;;;;;;;;;;;
Ай;2;Карта 32 мопса;2;Вив;2;Элифас;2;;;;;;;;;;;;;;;;;;
pudj;3;Kaifas Cain;3;Muslim;3;Kot_Est_Kapysty;3;GoldFish;3;SHIRUME (Гуах);3;;;;;;;;;;;;;;
TreeD;5;4eSн0ч0k;5;Карта 32 мопса;5;Lafelor 13 годиков;5;Humanov 5;5;R̸̼̓i̷̫̅́͛P̷̰͚̑k̷̪̂̂̋a̷̘͐͜Q̵̠̏̑;5;;;;;;;;;;;;;;
Ай;3;Элифас;3;Вив;3;Ljoshaa;3;D1ABEF1D;3;;;;;;;;;;;;;;;;
NetProblem (Егор);4;Rixs 39 | 3 👼;4;Quarri;4;R̸̼̓i̷̫̅́͛P̷̰͚̑k̷̪̂̂̋a̷̘͐͜Q̵̠̏̑;4;Humanov 5;4;;;;;;;;;;;;;;;;
Эрго;5;Kot_Est_Kapysty;4;Aibot(Клат);4;Protagonist 499 МОП;4;Андрюша;10;;;;;;;;;;;;;;;;
Muslim;4;reset;5;Kaifas Cain;5;Yurolips;5;;;;;;;;;;;;;;;;;;
Ай;4;Элифас;4;Вив;4;Ljoshaa;4;D1ABEF1D;4;;;;;;;;;;;;;;;;
R̸̼̓i̷̫̅́͛P̷̰͚̑k̷̪̂̂̋a̷̘͐͜Q̵̠̏̑;5;𝓷𝓾𝓵𝓮𝓿𝓸𝔂;4;Protagonist 499 МОП;4;Лю;4;Андрюша;4;;;;;;;;;;;;;;;;
pudj;6;NetProblem (Егор);7;Kot_Est_Kapysty;7;D1ABEF1D;7;Ljoshaa;7;;;;;;;;;;;;;;;;
Ай;4;DoogGier(Артём);4;Эрго;4;Humanov 5;4;♦Murth🎭EL♠ (Мишель);4;;;;;;;;;;;;;;;;
Ljoshaa;4;Anime Show;3;Protagonist 499 МОП;3;Эрго;3;ӇƛƖƦƠ;3;;;;;;;;;;;;;;;;
Muslim;5;reset;5;Kaifas Cain;5;Yurolips;5;;;;;;;;;;;;;;;;;;
Quarri;4;Эрго;4;R̸̼̓i̷̫̅́͛P̷̰͚̑k̷̪̂̂̋a̷̘͐͜Q̵̠̏̑;4;Ай;4;fa4eh;4;D1ABEF1D;4;;;;;;;;;;;;;;
ӇƛƖƦƠ;4;Ай;4;Protagonist 499 МОП;4;DoogGier(Артём);4;;;;;;;;;;;;;;;;;;
Эрго;6;Humanov 5;6;♦Murth🎭EL♠ (Мишель);6;fa4eh;6;Aibot(Клат);6;;;;;;;;;;;;;;;;
NetProblem (Егор);4;Rixs 39 | 3 👼;4;Kot_Est_Kapysty;4;Ljoshaa;4;♦Murth🎭EL♠ (Мишель);4;;;;;;;;;;;;;;;;
Ljoshaa;6;Элифас;5;Astraliym;5;Джим кроу;5;Anime Show;5;SHIRUME (Гуах);5;;;;;;;;;;;;;;
Muslim;3;𐎰𐎱𐎲𐎳𐎴𐎵;3;;;;;;;;;;;;;;;;;;;;;;
R̸̼̓i̷̫̅́͛P̷̰͚̑k̷̪̂̂̋a̷̘͐͜Q̵̠̏̑;3;fa4eh;3;Protagonist 499 МОП;3;Humanov 5;3;Kot_Est_Kapysty;3;Mimic;3;;;;;;;;;;;;;;
Muslim;1;reset;3;Kaifas Cain;3;Yurolips;3;;;;;;;;;;;;;;;;;;
Ай;5;Элифас;5;pudj;5;D1ABEF1D;5;Эрго;5;;;;;;;;;;;;;;;;
Ай;3;Элифас;4;pudj;4;D1ABEF1D;4;Эрго;4;;;;;;;;;;;;;;;;
NetProblem (Егор);2;♦Murth🎭EL♠ (Мишель);2;DoogGier(Артём);2;;;;;;;;;;;;;;;;;;;;
Anime Show;5;Эрго;4;Карта 32 мопса;4;pudj;5;Ай;5;Андрюша;5;;;;;;;;;;;;;;
Rixs 39 | 3 👼;6;Quarri;7;Эрго;7;ӇƛƖƦƠ;7;Lafelor 13 годиков;7;;;;;;;;;;;;;;;;
pudj;4;NetProblem (Егор);4;Kot_Est_Kapysty;4;D1ABEF1D;4;Ljoshaa;4;;;;;;;;;;;;;;;;
Ай;3;Элифас;1;Ljoshaa;1;ӇƛƖƦƠ;1;Вив;1;;;;;;;;;;;;;;;;
Ай;4;Элифас;2;Ljoshaa;2;ӇƛƖƦƠ;2;Вив;2;;;;;;;;;;;;;;;;
Эрго;7;D1ABEF1D;7;Kot_Est_Kapysty;7;♦Murth🎭EL♠ (Мишель);7;;;;;;;;;;;;;;;;;;
Ай;3;Элифас;1;Ljoshaa;1;ӇƛƖƦƠ;1;Вив;1;;;;;;;;;;;;;;;;
R̸̼̓i̷̫̅́͛P̷̰͚̑k̷̪̂̂̋a̷̘͐͜Q̵̠̏̑;3;reset;3;Ай;3;Armageddon;3;Yurolips;3;;;;;;;;;;;;;;;;
Muslim;4;Kaifas Cain;4;Losker;4;Red_Custodian;4;Hatter;4;;;;;;;;;;;;;;;;
Protagonist 499 МОП;4;Anime Show;4;Андрюша;4;Вив;4;N0barm;4;;;;;;;;;;;;;;;;
R̸̼̓i̷̫̅́͛P̷̰͚̑k̷̪̂̂̋a̷̘͐͜Q̵̠̏̑;4;reset;4;Ай;4;Armageddon;4;Yurolips;4;;;;;;;;;;;;;;;;
ӇƛƖƦƠ;3;Андрюша;3;Deleted User;3;GoldFish;3;Вив;3;;;;;;;;;;;;;;;;
pudj;10;D1ABEF1D;10;Ljoshaa;10;Kot_Est_Kapysty;10;Protagonist 499 МОП;10;;;;;;;;;;;;;;;;
Protagonist 499 МОП;3;Kaths01;3;Андрюша;3;утка;3;ӇƛƖƦƠ;3;;;;;;;;;;;;;;;;
Эрго;4;Hatter;4;;;;;;;;;;;;;;;;;;;;;;
Эрго;8;D1ABEF1D;7;Humanov 5;7;Kvich;7;Hatter;4;N0barm;4;;;;;;;;;;;;;;
Ай;4;Элифас;2;Ljoshaa;2;ӇƛƖƦƠ;2;Вив;2;;;;;;;;;;;;;;;;
ӇƛƖƦƠ;4;Андрюша;4;Deleted User;4;GoldFish;4;Вив;4;;;;;;;;;;;;;;;;
Эрго;12;Kvich;12;D1ABEF1D;4;Aibot(Клат);12;fa4eh;3;;;;;;;;;;;;;;;;
Ljoshaa;3;Humanov 5;3;Kot_Est_Kapysty;3;Majekan;3;Джим кроу;3;;;;;;;;;;;;;;;;
Protagonist 499 МОП;2;Kaths01;2;Андрюша;2;утка;2;;;;;;;;;;;;;;;;;;
Muslim;6;Fedir;6;reset;6;Kaifas Cain;6;N0barm;6;;;;;;;;;;;;;;;;
Ljoshaa;4;Kvich;4;Kaths01;4;D1ABEF1D;4;R̸̼̓i̷̫̅́͛P̷̰͚̑k̷̪̂̂̋a̷̘͐͜Q̵̠̏̑;4;;;;;;;;;;;;;;;;
R̸̼̓i̷̫̅́͛P̷̰͚̑k̷̪̂̂̋a̷̘͐͜Q̵̠̏̑;5;Ljoshaa;5;Humanov 5;5;Ай;5;Kaifas Cain;5;;;;;;;;;;;;;;;;
Protagonist 499 МОП;6;Anime Show;6;Вив;6;N0barm;6;Андрюша;6;;;;;;;;;;;;;;;;
pudj;5;D1ABEF1D;5;Вив;5;Fedir;5;Kvich;5;Андрюша;5;;;;;;;;;;;;;;
Muslim;8;Kaifas Cain;8;Losker;8;Red_Custodian;8;Hatter;8;FoRfOx;8;;;;;;;;;;;;;;
Protagonist 499 МОП;5;R̸̼̓i̷̫̅́͛P̷̰͚̑k̷̪̂̂̋a̷̘͐͜Q̵̠̏̑;5;Ljoshaa;5;Kot_Est_Kapysty;2;D1ABEF1D;5;;;;;;;;;;;;;;;;
Kaths01;1;Kodi;1;ХХХ_Леха2424_ХХХ;1;;;;;;;;;;;;;;;;;;;;
R̸̼̓i̷̫̅́͛P̷̰͚̑k̷̪̂̂̋a̷̘͐͜Q̵̠̏̑;5;утка;3;Protagonist 499 МОП;5;Kvich;5;fa4eh;3;Kaths01;30;;;;;;;;;;;;;;
Kaths01;3;Kvich;3;Protagonist 499 МОП;3;Fedir;3;;;;;;;;;;;;;;;;;;
Rixs 39 | 3 👼;4;Kot_Est_Kapysty;4;NetProblem (Егор);4;;;;;;;;;;;;;;;;;;;;
R̸̼̓i̷̫̅́͛P̷̰͚̑k̷̪̂̂̋a̷̘͐͜Q̵̠̏̑;2;Humanov 5;2;Kaifas Cain;2;reset;2;Ай;2;;;;;;;;;;;;;;;;
Protagonist 499 МОП;5;Ljoshaa;5;pudj;5;Kvich;5;Rixs 39 | 3 👼;5;;;;;;;;;;;;;;;;
Эрго;5;Rixs 39 | 3 👼;5;Kvich;5;Ljoshaa;5;Паук 2.5 (Харон);5;;;;;;;;;;;;;;;;
Protagonist 499 МОП;4;Anime Show;4;Паук 2.5 (Харон);4;Вив;4;𝓷𝓾𝓵𝓮𝓿𝓸𝔂;4;Kvich;4;;;;;;;;;;;;;;
𝓷𝓾𝓵𝓮𝓿𝓸𝔂;3;Humanov 5;3;Kaths01;3;SHIRUME (Гуах);3;;;;;;;;;;;;;;;;;;
Kvich;3;Элай;3;Kaifas Cain;3;Карта 32 мопса;3;♦Murth🎭EL♠ (Мишель);3;reset;3;;;;;;;;;;;;;;
Kvich;3;Ljoshaa;3;;;;;;;;;;;;;;;;;;;;;;
Ай;3;Элифас;1;Ljoshaa;1;ӇƛƖƦƠ;1;;;;;;;;;;;;;;;;;;
Эрго;6;Rixs 39 | 3 👼;6;putihestvinik;6;Паук 2.5 (Харон);6;;;;;;;;;;;;;;;;;;
Protagonist 499 МОП;5;Anime Show;5;Андрюша;5;Вив;5;;;;;;;;;;;;;;;;;;
R̸̼̓i̷̫̅́͛P̷̰͚̑k̷̪̂̂̋a̷̘͐͜Q̵̠̏̑;5;reset;5;Kaifas Cain;5;Humanov 5;5;Kvich;5;;;;;;;;;;;;;;;;
Kaths01;5;Protagonist 499 МОП;5;Yurolips;5;putihestvinik;5;Паук 2.5 (Харон);5;Андрюша;5;;;;;;;;;;;;;;
Rixs 39 | 3 👼;6;Kvich;6;pudj;6;putihestvinik;6;Паук 2.5 (Харон);6;;;;;;;;;;;;;;;;
витя;4;Вив;5;Deleted User;5;;;;;;;;;;;;;;;;;;;;
pudj;6;Kvich;6;Ай;6;Mattie;6;;;;;;;;;;;;;;;;;;
Rixs 39 | 3 👼;5;Kvich;5;NetProblem (Егор);5;DoogGier(Артём);5;REDICULUS;5;;;;;;;;;;;;;;;;
Protagonist 499 МОП;4;Эрго;4;Андрюша;4;Вив;4;putihestvinik;4;Rixs 39 | 3 👼;4;;;;;;;;;;;;;;
R̸̼̓i̷̫̅́͛P̷̰͚̑k̷̪̂̂̋a̷̘͐͜Q̵̠̏̑;5;reset;5;Kaifas Cain;5;Humanov 5;5;Kvich;5;;;;;;;;;;;;;;;;
Ай;3;Элифас;1;Ljoshaa;1;ӇƛƖƦƠ;1;;;;;;;;;;;;;;;;;;
Kvich;3;Элай;3;Kaifas Cain;3;Карта 32 мопса;3;♦Murth🎭EL♠ (Мишель);3;reset;3;Ljoshaa;3;;;;;;;;;;;;
Protagonist 499 МОП;4;Эрго;4;Андрюша;4;Вив;4;putihestvinik;4;Rixs 39 | 3 👼;4;;;;;;;;;;;;;;
pudj;3;Kvich;3;D1ABEF1D;3;Astraliym;3;Джим кроу;3;SHIRUME (Гуах);3;;;;;;;;;;;;;;
витя;2;Deleted User;1;;;;;;;;;;;;;;;;;;;;;;
Ай;4;Элифас;1;Ljoshaa;1;ӇƛƖƦƠ;1;;;;;;;;;;;;;;;;;;
Alexander;6;𝓷𝓾𝓵𝓮𝓿𝓸𝔂;6;Majekan;6;Quarri;6;Kvich;6;;;;;;;;;;;;;;;;
Protagonist 499 МОП;4;R̸̼̓i̷̫̅́͛P̷̰͚̑k̷̪̂̂̋a̷̘͐͜Q̵̠̏̑;4;Rixs 39 | 3 👼;4;Джим кроу;4;Андрюша;4;;;;;;;;;;;;;;;;
Kaths01;3;Kaifas Cain;3;Kvich;3;;;;;;;;;;;;;;;;;;;;
Kaths01;0;Kaifas Cain;3;Kvich;3;;;;;;;;;;;;;;;;;;;;
Protagonist 499 МОП;5;Anime Show;5;Rixs 39 | 3 👼;5;Kvich;5;Aibot(Клат);5;DoogGier(Артём);5;;;;;;;;;;;;;;
Protagonist 499 МОП;6;R̸̼̓i̷̫̅́͛P̷̰͚̑k̷̪̂̂̋a̷̘͐͜Q̵̠̏̑;6;Rixs 39 | 3 👼;6;Эрго;6;Kvich;6;Kot_Est_Kapysty;6;;;;;;;;;;;;;;
Kaths01;5;Protagonist 499 МОП;5;DoogGier(Артём);5;Буржуй hilk;5;Андрюша;5;ХХХ_Леха2424_ХХХ;5;;;;;;;;;;;;;;
Kvich;3;Ljoshaa;3;Элифас;3;Yurolips;3;Misfits;3;;;;;;;;;;;;;;;;
Muslim;5;Kaifas Cain;5;Losker;5;Red_Custodian;5;Hatter;5;FoRfOx;4;;;;;;;;;;;;;;
Protagonist 499 МОП;4;Андрюша;4;REDICULUS;4;Vait;4;Просто Бекон;4;fa4eh;4;витя;4;;;;;;;;;;;;
Rixs 39 | 3 👼;5;Kvich;5;Эрго;5;Элифас;5;SHIRUME (Гуах);2;;;;;;;;;;;;;;;;
Protagonist 499 МОП;4;Anime Show;3;Kaths01;4;Андрюша;4;Aibot(Клат);4;;;;;;;;;;;;;;;;
Kvich;4;Элай;4;Kaifas Cain;4;Карта 32 мопса;1;reset;4;Ljoshaa;4;;;;;;;;;;;;;;
Ай;3;Элифас;3;Ljoshaa;3;ӇƛƖƦƠ;3;;;;;;;;;;;;;;;;;;
pudj;3;Ljoshaa;5;Rixs 39 | 3 👼;5;D1ABEF1D;5;Kot_Est_Kapysty;5;Kvich;5;;;;;;;;;;;;;;
Rixs 39 | 3 👼;5;Элифас;5;Kvich;5;Эрго;5;SHIRUME (Гуах);5;;;;;;;;;;;;;;;;
Protagonist 499 МОП;5;fa4eh;5;Kvich;5;Ljoshaa;5;REDICULUS;5;Андрюша;5;;;;;;;;;;;;;;
Эрго;8;Quarri;8;DoogGier(Артём);8;Armageddon;8;ӇƛƖƦƠ;8;;;;;;;;;;;;;;;;
Protagonist 499 МОП;2;Андрюша;2;Kaths01;2;Ljoshaa;2;Мышь;2;;;;;;;;;;;;;;;;
R̸̼̓i̷̫̅́͛P̷̰͚̑k̷̪̂̂̋a̷̘͐͜Q̵̠̏̑;5;pudj;5;Ljoshaa;5;Kaifas Cain;5;Андрюша;5;;;;;;;;;;;;;;;;
Alexander;7;Kvich;7;Quarri;7;Armageddon;7;Misfits;7;;;;;;;;;;;;;;;;
Muslim;3;Kaifas Cain;3;Losker;3;Red_Custodian;3;Hatter;3;FoRfOx;3;;;;;;;;;;;;;;
Protagonist 499 МОП;5;Kaths01;5;Андрюша;5;;;;;;;;;;;;;;;;;;;;
Protagonist 499 МОП;4;Kvich;6;Ljoshaa;6;Андрюша;3;REDICULUS;6;fa4eh;2;;;;;;;;;;;;;;
Anime Show;3;putihestvinik;3;Баб;3;;;;;;;;;;;;;;;;;;;;
R̸̼̓i̷̫̅́͛P̷̰͚̑k̷̪̂̂̋a̷̘͐͜Q̵̠̏̑;4;Humanov 5;4;Kot_Est_Kapysty;4;SHIRUME (Гуах);4;Андрюша;4;fa4eh;4;;;;;;;;;;;;;;
Kvich;1;Ljoshaa;1;Kaifas Cain;1;♦Murth🎭EL♠ (Мишель);1;Карта 32 мопса;1;Элай;1;;;;;;;;;;;;;;
Андрюша;4;Rixs 39 | 3 👼;4;Kot_Est_Kapysty;4;ӇƛƖƦƠ;4;;;;;;;;;;;;;;;;;;
pudj;4;SnottyJoe;4;SHIRUME (Гуах);4;Armageddon;4;Эрго;4;Kvich;4;D1ABEF1D;4;ХХХ_Леха2424_ХХХ;4;;;;;;;;;;
Эрго;1;DoogGier(Артём);1;reset;1;Protagonist 499 МОП;1;Rixs 39 | 3 👼;1;;;;;;;;;;;;;;;;
Anime Show;4;Protagonist 499 МОП;4;Kot_Est_Kapysty;4;SHIRUME (Гуах);4;godoffass;4;;;;;;;;;;;;;;;;
Protagonist 499 МОП;7;Kaths01;7;Aibot(Клат);7;Anime Show;7;Андрюша;7;;;;;;;;;;;;;;;;
Muslim;3;Kaifas Cain;3;Losker;3;Red_Custodian;3;Hatter;3;FoRfOx;3;;;;;;;;;;;;;;
Protagonist 499 МОП;4;Rixs 39 | 3 👼;4;Элифас;4;;;;;;;;;;;;;;;;;;;;
pudj;7;витя;7;Fedir;7;Андрюша;7;๖ۣۣۜζ͜͡Edoray (Егор);7;Kot_Est_Kapysty;7;DoogGier(Артём);7;;;;;;;;;;;;
Armageddon;4;Эрго;4;SnottyJoe;4;Элифас;4;Ай;4;;;;;;;;;;;;;;;;
Protagonist 499 МОП;2;Ljoshaa;2;Anime Show;2;Kaths01;2;Андрюша;2;;;;;;;;;;;;;;;;
Kvich;2;Элай;2;Kaifas Cain;2;Карта 32 мопса;2;reset;2;Ljoshaa;2;♦Murth🎭EL♠ (Мишель);2;;;;;;;;;;;;
Quarri;5;Armageddon;5;ӇƛƖƦƠ;5;Эрго;5;Скитлс;5;;;;;;;;;;;;;;;;
Anime Show;6;Эрго;5;Андрюша;5;Kot_Est_Kapysty;5;Protagonist 499 МОП;5;;;;;;;;;;;;;;;;
Protagonist 499 МОП;1;Ljoshaa;1;Андрюша;1;Anime Show;8;Kaths01;1;;;;;;;;;;;;;;;;
ӇƛƖƦƠ;6;Элифас;6;Эрго;6;Hidi;6;EragobDregon;6;;;;;;;;;;;;;;;;
Muslim;2;Hatter;2;;;;;;;;;;;;;;;;;;;;;;
Protagonist 499 МОП;5;Андрюша;5;Ljoshaa;5;REDICULUS;5;Kvich;5;;;;;;;;;;;;;;;;
Эрго;11;Fedir;10;Kot_Est_Kapysty;10;♦Murth🎭EL♠ (Мишель);10;SHIRUME (Гуах);7;;;;;;;;;;;;;;;;
Protagonist 499 МОП;8;Андрюша;1;витя;8;Kaths01;8;Hidi;8;ХХХ_Леха2424_ХХХ;8;;;;;;;;;;;;;;
Эрго;6;Protagonist 499 МОП;6;Андрюша;6;Hidi;6;Карта 32 мопса;6;reset;6;Kot_Est_Kapysty;6;;;;;;;;;;;;
Muslim;2;Hatter;2;Kaifas Cain;2;Losker;2;Red_Custodian;2;FoRfOx;2;;;;;;;;;;;;;;
Эрго;1;Armageddon;1;Protagonist 499 МОП;1;Ljoshaa;1;Kvich;1;;;;;;;;;;;;;;;;
Protagonist 499 МОП;2;Андрюша;2;Ljoshaa;2;;;;;;;;;;;;;;;;;;;;
Protagonist 499 МОП;4;Kaths01;1;Kvich;4;Ljoshaa;1;Андрюша;4;;;;;;;;;;;;;;;;
Alexander;12;Эрго;11;Armageddon;11;Kot_Est_Kapysty;11;a_u_b;5;Quarri;11;;;;;;;;;;;;;;
Protagonist 499 МОП;6;Андрюша;6;Ljoshaa;6;Kaths01;6;;;;;;;;;;;;;;;;;;
Astraliym;3;reset;2;Kvich;4;ФанTOMаSS;4;𝓷𝓾𝓵𝓮𝓿𝓸𝔂;4;;;;;;;;;;;;;;;;
Anime Show;6;Protagonist 499 МОП;6;SHIRUME (Гуах);6;Андрюша;6;;;;;;;;;;;;;;;;;;
Alexander;10;Эрго;10;Armageddon;10;Kot_Est_Kapysty;10;Quarri;10;;;;;;;;;;;;;;;;
Protagonist 499 МОП;5;Lafelor 13 годиков;5;Ljoshaa;5;reset;5;утка;5;;;;;;;;;;;;;;;;
Андрюша;6;Kot_Est_Kapysty;6;Kaifas Cain;6;Fedir;6;Kvich;6;;;;;;;;;;;;;;;;
Astraliym;4;Эрго;5;Armageddon;5;Kvich;5;Ljoshaa;5;;;;;;;;;;;;;;;;
Anime Show;4;ӇƛƖƦƠ;4;Ай;4;Карта 32 мопса;4;Ask_de;4;;;;;;;;;;;;;;;;
Protagonist 499 МОП;4;Kaths01;4;Kvich;4;Ljoshaa;4;Андрюша;4;ХХХ_Леха2424_ХХХ;4;;;;;;;;;;;;;;
Kaths01;5;Yurolips;5;reset;5;Ганрю;5;Ask_de;5;;;;;;;;;;;;;;;;
Kvich;1;Элай;1;Kaifas Cain;1;Protagonist 499 МОП;1;Андрюша;1;Ljoshaa;1;♦Murth🎭EL♠ (Мишель);1;;;;;;;;;;;;
Alexander;8;Эрго;4;Armageddon;4;Kot_Est_Kapysty;4;Protagonist 499 МОП;8;Quarri;4;Андрюша;8;;;;;;;;;;;;
Anime Show;3;SHIRUME (Гуах);3;Kaths01;3;Kaifas Cain;3;Ljoshaa;3;;;;;;;;;;;;;;;;
Alexander;9;Эрго;4;Armageddon;4;Kot_Est_Kapysty;4;Protagonist 499 МОП;8;Quarri;4;Андрюша;8;;;;;;;;;;;;
Kvich;2;Элай;2;Kaifas Cain;2;Protagonist 499 МОП;2;Андрюша;2;Ljoshaa;2;;;;;;;;;;;;;;
Ай;6;Anime Show;5;Frantic;5;Hidi;5;Quarri;5;Armageddon;5;;;;;;;;;;;;;;
Kaths01;7;Yurolips;7;Swift_ltr;7;Ask_de;7;Ганрю;7;;;;;;;;;;;;;;;;
Alexander;7;Эрго;3;Armageddon;3;Kot_Est_Kapysty;3;Protagonist 499 МОП;4;Quarri;3;Андрюша;4;;;;;;;;;;;;
Protagonist 499 МОП;3;Ljoshaa;3;Kvich;3;Kaths01;3;Андрюша;3;Kaifas Cain;1;;;;;;;;;;;;;;
ӇƛƖƦƠ;5;Ай;6;Quarri;6;Карта 32 мопса;6;finebutbot;6;Armageddon;6;;;;;;;;;;;;;;
Alexander;5;Танкред[Кеннет Западный][27 МОП];5;Ask_de;5;Feelmyhact;5;;;;;;;;;;;;;;;;;;
Protagonist 499 МОП;2;Ljoshaa;2;Kvich;2;Kaths01;2;Андрюша;2;Kaifas Cain;2;;;;;;;;;;;;;;
Ай;4;ӇƛƖƦƠ;4;Элай;4;Swift_ltr;4;Anime Show;4;;;;;;;;;;;;;;;;
Protagonist 499 МОП;2;Ljoshaa;2;Kvich;2;Kaths01;2;Андрюша;2;Kaifas Cain;2;;;;;;;;;;;;;;
Alexander;7;Чебурекс;6;Fedir;6;Hidi;6;Ask_de;6;𝚂𝚊𝚔𝚢𝚛𝚊;6;;;;;;;;;;;;;;
Ай;2;ӇƛƖƦƠ;2;Элай;2;Swift_ltr;2;Anime Show;2;;;;;;;;;;;;;;;;
R̸̼̓i̷̫̅́͛P̷̰͚̑k̷̪̂̂̋a̷̘͐͜Q̵̠̏̑;4;Fedir;4;Kaifas Cain;4;Kvich;4;Kot_Est_Kapysty;4;;;;;;;;;;;;;;;;
Anime Show;4;Ask_de;4;витя;10;Чебурекс;10;;;;;;;;;;;;;;;;;;
Alexander;5;Андрюша;5;Ljoshaa;5;Ганрю;5;Feelmyhact;5;;;;;;;;;;;;;;;;
R̸̼̓i̷̫̅́͛P̷̰͚̑k̷̪̂̂̋a̷̘͐͜Q̵̠̏̑;5;Fedir;5;Kvich;5;Protagonist 499 МОП;5;Точно не Radish;5;;;;;;;;;;;;;;;;
Андрюша;3;ӇƛƖƦƠ;4;Карта 32 мопса;4;Hidi;4;;;;;;;;;;;;;;;;;;
pudj;6;Ask_de;6;Fedir;6;Ай;6;Ljoshaa;6;Frantic;6;;;;;;;;;;;;;;
Ай;2;ӇƛƖƦƠ;2;Элай;2;Cvalentin;2;Anime Show;2;;;;;;;;;;;;;;;;
R̸̼̓i̷̫̅́͛P̷̰͚̑k̷̪̂̂̋a̷̘͐͜Q̵̠̏̑;4;Карта 32 мопса;4;Kot_Est_Kapysty;4;putihestvinik;4;Ганрю;4;🦉 fireowl 🦉;4;;;;;;;;;;;;;;
Protagonist 499 МОП;2;Ljoshaa;2;Kvich;2;Kaths01;2;Андрюша;2;Kaifas Cain;2;;;;;;;;;;;;;;
Alexander;7;𝚂𝚊𝚔𝚢𝚛𝚊;6;Танкред[Кеннет Западный][27 МОП];6;Hidi;6;Feelmyhact;6;;;;;;;;;;;;;;;;
Alexander;5;Эрго;2;Armageddon;2;Kot_Est_Kapysty;2;Protagonist 499 МОП;2;Quarri;2;Андрюша;2;;;;;;;;;;;;
pudj;4;Ask_de;4;Fedir;4;Ай;4;Ljoshaa;4;Frantic;4;;;;;;;;;;;;;;
Kaths01;3;Yurolips;4;Kvich;4;Kaifas Cain;4;SHIRUME (Гуах);4;;;;;;;;;;;;;;;;
Protagonist 499 МОП;2;Андрюша;1;;;;;;;;;;;;;;;;;;;;;;
Kaths01;5;Swift_ltr;6;Ask_de;6;Yurolips;6;Ганрю;6;;;;;;;;;;;;;;;;
Anime Show;1;Aramil;3;ozorniisalfetk;3;GoodGameGod;3;;;;;;;;;;;;;;;;;;
pudj;2;Ask_de;2;Fedir;2;Ай;2;Ljoshaa;2;Frantic;2;;;;;;;;;;;;;;
Lafelor 13 годиков;5;R̸̼̓i̷̫̅́͛P̷̰͚̑k̷̪̂̂̋a̷̘͐͜Q̵̠̏̑;5;Kaths01;5;Kvich;5;;;;;;;;;;;;;;;;;;
Танкред[Кеннет Западный][27 МОП];4;Quarri;0;finebutbot;4;๖ۣۣۜζ͜͡Edoray (Егор);4;Карта 32 мопса;4;;;;;;;;;;;;;;;;
Alexander;5;ReSr&;5;Чебурекс;5;rol;5;Kot_Est_Kapysty;5;;;;;;;;;;;;;;;;
Protagonist 499 МОП;2;Ljoshaa;1;Kvich;2;Kaths01;2;Андрюша;2;Kaifas Cain;2;;;;;;;;;;;;;;
Ай;4;Элифас;4;ReSr&;4;rol;4;;;;;;;;;;;;;;;;;;
Ай;3;Элифас;3;ReSr&;3;rol;3;;;;;;;;;;;;;;;;;;
Андрюша;3;Anime Show;3;Ljoshaa;3;Ask_de;3;;;;;;;;;;;;;;;;;;
ӇƛƖƦƠ;6;утка;4;Ай;6;Yurolips;6;๖ۣۣۜζ͜͡Edoray (Егор);2;ReSr&;6;;;;;;;;;;;;;;
Protagonist 499 МОП;2;Ljoshaa;2;Kvich;2;Kaths01;2;Андрюша;2;Kaifas Cain;2;;;;;;;;;;;;;;
Alexander;7;Damaceo (Клоун/Дурачок);7;Чебурекс;7;Kot_Est_Kapysty;7;Нарко сова;7;Смоук;7;;;;;;;;;;;;;;
Ай;4;Элифас;3;ReSr&;3;rol;3;;;;;;;;;;;;;;;;;;
Alexander;5;Эрго;2;Андрюша;2;Kot_Est_Kapysty;2;Protagonist 499 МОП;2;Quarri;2;;;;;;;;;;;;;;
Kaths01;4;Kaifas Cain;4;Kvich;4;Yurolips;4;SHIRUME (Гуах);4;;;;;;;;;;;;;;;;
Alexander;7;Эрго;3;Андрюша;3;Kot_Est_Kapysty;3;Protagonist 499 МОП;3;Quarri;3;;;;;;;;;;;;;;
Protagonist 499 МОП;2;Ljoshaa;347;Kvich;2;Kaths01;2;Андрюша;2;Kaifas Cain;2;;;;;;;;;;;;;;
Танкред[Кеннет Западный][27 МОП];6;Quarri;6;finebutbot;6;RainMayRain;6;Tasha;6;;;;;;;;;;;;;;;;
Ай;5;Элифас;4;ӇƛƖƦƠ;4;Kvich;4;;;;;;;;;;;;;;;;;;
Alexander;7;Damaceo (Клоун/Дурачок);7;Чебурекс;7;putihestvinik;7;strannik;7;Смоук;7;ИЗБИВАТЕЛЬ ЖЕНЩИН;6;;;;;;;;;;;;
ӇƛƖƦƠ;4;Yurolips;4;Ай;4;Frantic;4;Элифас;4;Смоук;4;;;;;;;;;;;;;;
Anime Show;6;Hidi;7;Damaceo (Клоун/Дурачок);7;Ганрю;7;Карта 32 мопса;7;;;;;;;;;;;;;;;;
R̸̼̓i̷̫̅́͛P̷̰͚̑k̷̪̂̂̋a̷̘͐͜Q̵̠̏̑;6;Kaifas Cain;6;Kot_Est_Kapysty;6;Ljoshaa;6;Protagonist 499 МОП;6;strannik;6;;;;;;;;;;;;;;
Alexander;8;ReSr&;5;rol;5;putihestvinik;5;Wergis 8 МОП;7;𝚂𝚊𝚔𝚢𝚛𝚊;7;;;;;;;;;;;;;;
Ай;4;Элифас;3;ӇƛƖƦƠ;3;Kvich;3;;;;;;;;;;;;;;;;;;
ӇƛƖƦƠ;5;Yurolips;5;Ай;5;Frantic;5;Элифас;5;;;;;;;;;;;;;;;;
Lafelor 13 годиков;5;R̸̼̓i̷̫̅́͛P̷̰͚̑k̷̪̂̂̋a̷̘͐͜Q̵̠̏̑;5;Kvich;5;Kaths01;5;;;;;;;;;;;;;;;;;;
Alexander;6;Эрго;3;Quarri;3;Kot_Est_Kapysty;3;Protagonist 499 МОП;3;;;;;;;;;;;;;;;;
Ай;3;Элифас;3;ӇƛƖƦƠ;3;Kvich;3;;;;;;;;;;;;;;;;;;
Kaths01;4;Танкред[Кеннет Западный][27 МОП];4;strannik;4;Kot_Est_Kapysty;4;;;;;;;;;;;;;;;;;;
Эрго;10;Карта 32 мопса;10;Hidi;10;Чебурекс;10;ReSr&;10;;;;;;;;;;;;;;;;
Protagonist 499 МОП;4;Ask_de;4;Anime Show;4;Андрюша;4;;;;;;;;;;;;;;;;;;
trog1g;5;Red_Custodian;4;утка;4;F rank god;4;витя;4;;;;;;;;;;;;;;;;
Protagonist 499 МОП;8;Kaifas Cain;8;Anunet (Дмитрий);0;putihestvinik;8;REDICULUS;8;Ганрю;8;;;;;;;;;;;;;;
Ай;4;Wergis 8 МОП;4;FresheR;4;Anime Show;4;;;;;;;;;;;;;;;;;;
trog1g;5;Red_Custodian;4;утка;4;F rank god;4;витя;4;;;;;;;;;;;;;;;;
Ljoshaa;5;Kaifas Cain;5;Yurolips;5;Kot_Est_Kapysty;5;Kaths01;5;Protagonist 499 МОП;5;Андрюша;5;;;;;;;;;;;;
Alexander;6;putihestvinik;6;Lafelor 13 годиков;6;Hidi;1;Карта 32 мопса;6;Ганрю;6;;;;;;;;;;;;;;
Ай;5;Элифас;2;ӇƛƖƦƠ;2;Kvich;2;;;;;;;;;;;;;;;;;;
Alexander;8;Damaceo (Клоун/Дурачок);6;Kot_Est_Kapysty;6;Protagonist 499 МОП;6;Quarri;6;Андрюша;6;;;;;;;;;;;;;;
ӇƛƖƦƠ;6;Ай;6;Frantic;6;Yurolips;6;;;;;;;;;;;;;;;;;;
Alexander;6;Танкред[Кеннет Западный][27 МОП];6;Lafelor 13 годиков;6;Карта 32 мопса;6;Tasha;6;Quarri;6;;;;;;;;;;;;;;
trog1g;4;Red_Custodian;4;F rank god;3;утка;4;витя;4;;;;;;;;;;;;;;;;
Protagonist 499 МОП;3;Ljoshaa;3;Kvich;3;Kaths01;3;Андрюша;3;Kaifas Cain;3;;;;;;;;;;;;;;
Alexander;6;Танкред[Кеннет Западный][27 МОП];5;Lafelor 13 годиков;5;Карта 32 мопса;5;Tasha;5;Quarri;5;;;;;;;;;;;;;;
Protagonist 499 МОП;4;Kaifas Cain;4;𝓷𝓾𝓵𝓮𝓿𝓸𝔂;4;Да;4;;;;;;;;;;;;;;;;;;
Ай;3;Элифас;1;ӇƛƖƦƠ;1;Kvich;1;;;;;;;;;;;;;;;;;;
Эрго;6;Kot_Est_Kapysty;6;Protagonist 499 МОП;6;Kaths01;6;;;;;;;;;;;;;;;;;;
Ай;3;Серега кипяток;3;SnottyJoe;3;Элифас;3;;;;;;;;;;;;;;;;;;
Андрюша;5;Protagonist 499 МОП;5;Kaths01;5;Kvich;5;;;;;;;;;;;;;;;;;;
Protagonist 499 МОП;2;Ljoshaa;2;Kvich;2;Kaths01;2;Андрюша;2;Kaifas Cain;2;;;;;;;;;;;;;;
𝓷𝓾𝓵𝓮𝓿𝓸𝔂;4;Kot_Est_Kapysty;4;R̸̼̓i̷̫̅́͛P̷̰͚̑k̷̪̂̂̋a̷̘͐͜Q̵̠̏̑;4;Quarri;4;Танкред[Кеннет Западный][27 МОП];4;;;;;;;;;;;;;;;;
Kvich;4;Ай;4;ӇƛƖƦƠ;4;Карта 32 мопса;4;Sele_Zoki;4;rol;4;;;;;;;;;;;;;;
ӇƛƖƦƠ;3;Ай;1;Yurolips;1;Frantic;1;;;;;;;;;;;;;;;;;;
Protagonist 499 МОП;5;Kaifas Cain;5;Kvich;5;Чебурекс;5;Андрюша;5;;;;;;;;;;;;;;;;
R̸̼̓i̷̫̅́͛P̷̰͚̑k̷̪̂̂̋a̷̘͐͜Q̵̠̏̑;5;Humanov 5;6;Андрюша;6;Protagonist 499 МОП;6;Kot_Est_Kapysty;6;Чебурекс;1;;;;;;;;;;;;;;
R̸̼̓i̷̫̅́͛P̷̰͚̑k̷̪̂̂̋a̷̘͐͜Q̵̠̏̑;4;Humanov 5;4;Protagonist 499 МОП;4;Андрюша;4;Kot_Est_Kapysty;4;;;;;;;;;;;;;;;;
Protagonist 499 МОП;2;Ljoshaa;2;Kvich;2;Kaths01;2;Андрюша;2;Kaifas Cain;2;;;;;;;;;;;;;;
Protagonist 499 МОП;6;R̸̼̓i̷̫̅́͛P̷̰͚̑k̷̪̂̂̋a̷̘͐͜Q̵̠̏̑;6;Kot_Est_Kapysty;6;Kaths01;6;Андрюша;6;;;;;;;;;;;;;;;;
Ай;4;SnottyJoe;4;Элифас;4;;;;;;;;;;;;;;;;;;;;
Anime Show;4;Настя;4;Андрюша;0;;;;;;;;;;;;;;;;;;;;
Танкред[Кеннет Западный][27 МОП];4;Hidi;1;Да;1;Ганрю;1;Chara;1;;;;;;;;;;;;;;;;
Alexander;5;Эрго;4;Damaceo (Клоун/Дурачок);4;Чебурекс;4;strannik;4;;;;;;;;;;;;;;;;
Kvich;3;Ай;3;ӇƛƖƦƠ;3;Карта 32 мопса;3;Sele_Zoki;3;rol;3;;;;;;;;;;;;;;
pudj;3;Rixs 39 | 3 👼;3;Настя;3;DoogGier(Артём);3;ХХХ_Леха2424_ХХХ;3;;;;;;;;;;;;;;;;
Protagonist 499 МОП;6;Kaifas Cain;6;Kvich;6;Чебурекс;0;Андрюша;6;;;;;;;;;;;;;;;;
pudj;2;Rixs 39 | 3 👼;2;Настя;2;ХХХ_Леха2424_ХХХ;2;;;;;;;;;;;;;;;;;;
Rixs 39 | 3 👼;4;Ай;4;Эрго;4;Armageddon;4;Humanov 5;4;;;;;;;;;;;;;;;;
ӇƛƖƦƠ;4;Андрюша;4;pudj;4;SHIRUME (Гуах);4;Kvich;4;Kot_Est_Kapysty;4;;;;;;;;;;;;;;
Андрюша;4;Ай;4;Kvich;4;Rixs 39 | 3 👼;4;;;;;;;;;;;;;;;;;;
Protagonist 499 МОП;7;Frantic;7;Hidi;4;Kot_Est_Kapysty;7;Red_Custodian;7;;;;;;;;;;;;;;;;
Андрюша;2;Lafelor 13 годиков;2;R̸̼̓i̷̫̅́͛P̷̰͚̑k̷̪̂̂̋a̷̘͐͜Q̵̠̏̑;2;strannik;2;;;;;;;;;;;;;;;;;;
Ай;3;AnchousCat;1;SnottyJoe;3;Элифас;3;;;;;;;;;;;;;;;;;;
Alexander;2;Эрго;2;Damaceo (Клоун/Дурачок);1;Чебурекс;1;strannik;1;;;;;;;;;;;;;;;;
R̸̼̓i̷̫̅́͛P̷̰͚̑k̷̪̂̂̋a̷̘͐͜Q̵̠̏̑;8;Lafelor 13 годиков;15;Андрюша;8;Настя;60;Frantic;8;Wergis 8 МОП;8;;;;;;;;;;;;;;
Protagonist 499 МОП;7;Frantic;7;Kot_Est_Kapysty;7;Red_Custodian;7;Эрго;7;;;;;;;;;;;;;;;;
Protagonist 499 МОП;3;Ljoshaa;60;Kvich;3;Kaths01;50;Андрюша;3;Kaifas Cain;3;;;;;;;;;;;;;;
Kvich;4;Ай;4;ӇƛƖƦƠ;4;Карта 32 мопса;4;Sele_Zoki;4;;;;;;;;;;;;;;;;
Kvich;1;Ай;1;ӇƛƖƦƠ;1;Карта 32 мопса;1;rol;1;;;;;;;;;;;;;;;;
ӇƛƖƦƠ;4;Андрюша;4;pudj;4;SHIRUME (Гуах);4;Kvich;4;Kot_Est_Kapysty;4;;;;;;;;;;;;;;
Lafelor 13 годиков;6;Андрюша;6;Чебурекс;6;Damaceo (Клоун/Дурачок);6;;;;;;;;;;;;;;;;;;
Protagonist 499 МОП;6;Frantic;6;Kot_Est_Kapysty;6;Red_Custodian;6;;;;;;;;;;;;;;;;;;
Alexander;4;Kot_Est_Kapysty;4;Танкред[Кеннет Западный][27 МОП];4;Lafelor 13 годиков;4;Quarri;4;;;;;;;;;;;;;;;;
Protagonist 499 МОП;6;anton512 (Рой);6;Андрюша;6;Kvich;6;strannik;6;Kaifas Cain;6;;;;;;;;;;;;;;
R̸̼̓i̷̫̅́͛P̷̰͚̑k̷̪̂̂̋a̷̘͐͜Q̵̠̏̑;3;Humanov 5;3;Kot_Est_Kapysty;3;Lafelor 13 годиков;3;Protagonist 499 МОП;3;Андрюша;3;;;;;;;;;;;;;;
Protagonist 499 МОП;3;Frantic;3;Kot_Est_Kapysty;3;Red_Custodian;3;;;;;;;;;;;;;;;;;;
Элифас;1;R̸̼̓i̷̫̅́͛P̷̰͚̑k̷̪̂̂̋a̷̘͐͜Q̵̠̏̑;1;Damaceo (Клоун/Дурачок);1;;;;;;;;;;;;;;;;;;;;
ӇƛƖƦƠ;3;Андрюша;3;pudj;3;SHIRUME (Гуах);3;Kvich;3;;;;;;;;;;;;;;;;
Alexander;5;Kot_Est_Kapysty;3;Танкред[Кеннет Западный][27 МОП];3;Lafelor 13 годиков;3;Quarri;3;;;;;;;;;;;;;;;;
Anime Show;6;anton512 (Рой);6;Да;5;Evilman;6;Soul;6;;;;;;;;;;;;;;;;
Protagonist 499 МОП;7;anton512 (Рой);7;Андрюша;7;Kvich;7;strannik;7;Kaifas Cain;7;;;;;;;;;;;;;;
Kvich;2;Ай;2;Карта 32 мопса;2;rol;2;;;;;;;;;;;;;;;;;;
Элифас;3;R̸̼̓i̷̫̅́͛P̷̰͚̑k̷̪̂̂̋a̷̘͐͜Q̵̠̏̑;3;Damaceo (Клоун/Дурачок);3;;;;;;;;;;;;;;;;;;;;
Alexander;5;Kot_Est_Kapysty;4;Танкред[Кеннет Западный][27 МОП];4;Lafelor 13 годиков;5;Quarri;4;;;;;;;;;;;;;;;;
Андрюша;4;Химо;4;Evilman;4;Dirtonk;4;GranKainpwnz;4;;;;;;;;;;;;;;;;
Rixs 39 | 3 👼;4;Hidi;4;Андрюша;4;Kvich;4;Странник;2;Карта 32 мопса;4;;;;;;;;;;;;;;
Anime Show;3;Kvich;3;Wergis 8 МОП;3;Да;3;Hidi;3;;;;;;;;;;;;;;;;
Protagonist 499 МОП;5;anton512 (Рой);5;Андрюша;5;Kvich;5;strannik;5;Kaifas Cain;5;;;;;;;;;;;;;;
𝓷𝓾𝓵𝓮𝓿𝓸𝔂;1;Frantic;2;GranKainpwnz;2;𐎰𐎱𐎲𐎳𐎴𐎵;1;;;;;;;;;;;;;;;;;;
pudj;4;Химо;4;GranKainpwnz;4;Андрюша;4;Мышь;4;Rixs 39 | 3 👼;4;Protagonist 499 МОП;4;;;;;;;;;;;;
Lafelor 13 годиков;5;R̸̼̓i̷̫̅́͛P̷̰͚̑k̷̪̂̂̋a̷̘͐͜Q̵̠̏̑;5;Гобля;5;Химо;5;;;;;;;;;;;;;;;;;;
Protagonist 499 МОП;8;Андрюша;8;Hidi;8;Person;8;strannik;8;Kaths01;8;;;;;;;;;;;;;;
Protagonist 499 МОП;3;anton512 (Рой);3;Андрюша;3;Kvich;3;strannik;3;Kaifas Cain;3;;;;;;;;;;;;;;
Lafelor 13 годиков;4;Wergis 8 МОП;4;Гобля;4;R̸̼̓i̷̫̅́͛P̷̰͚̑k̷̪̂̂̋a̷̘͐͜Q̵̠̏̑;4;Damaceo (Клоун/Дурачок);4;;;;;;;;;;;;;;;;
Protagonist 499 МОП;7;Андрюша;7;Hidi;7;Person;7;strannik;3;Kaths01;7;;;;;;;;;;;;;;
R̸̼̓i̷̫̅́͛P̷̰͚̑k̷̪̂̂̋a̷̘͐͜Q̵̠̏̑;4;Frantic;4;Lafelor 13 годиков;4;Андрюша;4;Химо;4;;;;;;;;;;;;;;;;
ӇƛƖƦƠ;2;Андрюша;2;pudj;2;SHIRUME (Гуах);2;Kvich;2;;;;;;;;;;;;;;;;
R̸̼̓i̷̫̅́͛P̷̰͚̑k̷̪̂̂̋a̷̘͐͜Q̵̠̏̑;3;Frantic;3;Lafelor 13 годиков;3;Андрюша;3;Химо;3;;;;;;;;;;;;;;;;
Protagonist 499 МОП;4;Ljoshaa;4;Андрюша;4;Kvich;4;Kaths01;4;;;;;;;;;;;;;;;;
Андрюша;5;ӇƛƖƦƠ;5;jofandool;5;Evilman;5;putihestvinik;5;;;;;;;;;;;;;;;;
Kaths01;3;AnchousCat;3;Hidi;3;orIfElse.dev;3;Гобля;3;Vovapal;3;;;;;;;;;;;;;;
Protagonist 499 МОП;5;Ljoshaa;5;Андрюша;5;Kvich;5;Kaths01;5;Kot_Est_Kapysty;5;;;;;;;;;;;;;;
Protagonist 499 МОП;0;Frantic;0;Kot_Est_Kapysty;0;Red_Custodian;0;Hidi;0;;;;;;;;;;;;;;;;
Андрюша;5;Kot_Est_Kapysty;5;R̸̼̓i̷̫̅́͛P̷̰͚̑k̷̪̂̂̋a̷̘͐͜Q̵̠̏̑;5;Kvich;5;Anime Show;5;;;;;;;;;;;;;;;;
Kaths01;3;Protagonist 499 МОП;8;Гобля;2;AnchousCat;2;Vovapal;2;Андрюша;2;;;;;;;;;;;;;;
Ljoshaa;7;NetProblem (Егор);7;Kot_Est_Kapysty;7;Frantic;7;Карта 32 мопса;7;;;;;;;;;;;;;;;;
Anime Show;8;Kot_Est_Kapysty;6;Ask_de;8;Ljoshaa;8;Карта 32 мопса;6;;;;;;;;;;;;;;;;
Protagonist 499 МОП;3;Hidi;3;Fedir;3;Artyom;3;Додич;3;Настя;3;;;;;;;;;;;;;;
Anime Show;4;NetProblem (Егор);4;Андрюша работяга;4;Чебурекс;4;jofandool;3;;;;;;;;;;;;;;;;
ӇƛƖƦƠ;1;Андрюша;1;pudj;1;SHIRUME (Гуах);1;Kvich;1;;;;;;;;;;;;;;;;
Ай;4;Frantic;4;Kaifas Cain;4;Ljoshaa;4;Элифас;4;;;;;;;;;;;;;;;;
Anime Show;4;Kvich;4;Андрюша;4;Protagonist 499 МОП;4;Kot_Est_Kapysty;3;;;;;;;;;;;;;;;;
ӇƛƖƦƠ;1;Андрюша;1;pudj;1;SHIRUME (Гуах);1;Kvich;1;;;;;;;;;;;;;;;;
Ай;3;Frantic;3;Kaifas Cain;3;Ljoshaa;3;Элифас;3;;;;;;;;;;;;;;;;
Protagonist 499 МОП;4;Hidi;4;Fedir;4;Додич;4;Настя;4;;;;;;;;;;;;;;;;
Андрюша;1;putihestvinik;1;;;;;;;;;;;;;;;;;;;;;;
Alexander;3;jofandool;3;Pechinuxa;3;Damaceo (Клоун/Дурачок);3;Quarri;3;;;;;;;;;;;;;;;;
Astraliym;5;Protagonist 499 МОП;5;strannik;5;Элай;5;jofandool;5;Ганрю;2;;;;;;;;;;;;;;
Андрюша;4;Ljoshaa;4;ӇƛƖƦƠ;4;strannik;4;;;;;;;;;;;;;;;;;;
ӇƛƖƦƠ;4;Ljoshaa;4;Андрюша;4;Wergis 8 МОП;4;REDICULUS;4;Evilman;4;;;;;;;;;;;;;;
Protagonist 499 МОП;4;Додич;4;Fedir;4;Настя;4;;;;;;;;;;;;;;;;;;
Anime Show;3;jofandool;3;strannik;3;;;;;;;;;;;;;;;;;;;;
Alexander;4;Wergis 8 МОП;3;𝚂𝚊𝚔𝚢𝚛𝚊;3;Armageddon;3;ӇƛƖƦƠ;3;Protagonist 499 МОП;3;;;;;;;;;;;;;;
R̸̼̓i̷̫̅́͛P̷̰͚̑k̷̪̂̂̋a̷̘͐͜Q̵̠̏̑;6;anton512 (Рой);6;jofandool;6;Кирад. Забрал себе 1 фунт столового серебра, пару окуляров автоматона, 6 серебряных и 10 медных монет. Заказал нож из дерева.;6;Андрюша;6;;;;;;;;;;;;;;;;
Ай;4;Armageddon;4;Pechinuxa;4;;;;;;;;;;;;;;;;;;;;
Anime Show;9;Ljoshaa;9;REDICULUS;9;Hidi;9;;;;;;;;;;;;;;;;;;
Ljoshaa;6;Protagonist 499 МОП;6;Hidi;6;Андрюша;6;Frantic;6;;;;;;;;;;;;;;;;
Alexander;6;Wergis 8 МОП;5;𝚂𝚊𝚔𝚢𝚛𝚊;5;Armageddon;5;ӇƛƖƦƠ;5;Protagonist 499 МОП;5;;;;;;;;;;;;;;
Ljoshaa;4;Элай;4;Quarri;4;;;;;;;;;;;;;;;;;;;;
Ljoshaa;5;R̸̼̓i̷̫̅́͛P̷̰͚̑k̷̪̂̂̋a̷̘͐͜Q̵̠̏̑;5;Андрюша;5;Evilman;5;jofandool;5;strannik;5;;;;;;;;;;;;;;
Андрюша;7;Anime Show;6;R̸̼̓i̷̫̅́͛P̷̰͚̑k̷̪̂̂̋a̷̘͐͜Q̵̠̏̑;6;Lafelor 13 годиков;6;AniTanN;6;Razzy;6;;;;;;;;;;;;;;
pudj;5;jofandool;6;Armageddon;6;Kaths01;6;витя;6;пельмени;6;Fedir;6;Hidi;6;Sairam♤;6;REDICULUS;6;Настя;6;ХХХ_Леха2424_ХХХ;6;;
Ай;3;jofandool;3;Элай;3;Элифас;3;;;;;;;;;;;;;;;;;;
Ай;2;jofandool;2;Элай;2;Элифас;2;;;;;;;;;;;;;;;;;;
pudj;5;jofandool;6;Armageddon;6;Настя;6;ХХХ_Леха2424_ХХХ;6;;;;;;;;;;;;;;;;
pudj;4;Kaths01;5;Fedir;5;Sairam♤;5;Protagonist 499 МОП;5;;;;;;;;;;;;;;;;
pudj;1;витя;3;пельмени;3;Hidi;3;REDICULUS;3;;;;;;;;;;;;;;;;
Kaths01;5;витя;4;Ljoshaa;5;Hidi;5;jofandool;5;Андрюша;4;;;;;;;;;;;;;;
Alexander;8;Quarri;7;grobastas;7;(Мотя) Гракс;7;Evilman;7;putihestvinik;7;;;;;;;;;;;;;;
Alexander;4;jofandool;4;Pechinuxa;4;Damaceo (Клоун/Дурачок);4;Quarri;30;;;;;;;;;;;;;;;;
Ай;3;Ljoshaa;3;ӇƛƖƦƠ;3;Hidi;3;;;;;;;;;;;;;;;;;;
Anime Show;6;jofandool;7;Ljoshaa;7;Hidi;7;REDICULUS;7;;;;;;;;;;;;;;;;
pudj;2;jofandool;6;Armageddon;6;Настя;6;REDICULUS;6;;;;;;;;;;;;;;;;
Protagonist 499 МОП;5;Evilman;5;grobastas;5;Додич;5;Ай;5;strannik;5;;;;;;;;;;;;;;
Alexander;8;Kvich;7;Anime Show;7;Ljoshaa;7;Андрюша;7;;;;;;;;;;;;;;;;
pudj;2;Kaths01;5;ХХХ_Леха2424_ХХХ;5;Sairam♤;5;Protagonist 499 МОП;5;;;;;;;;;;;;;;;;
pudj;1;витя;4;пельмени;4;Hidi;4;Fedir;4;;;;;;;;;;;;;;;;
Ай;4;Ljoshaa;3;ӇƛƖƦƠ;3;Hidi;3;;;;;;;;;;;;;;;;;;
Ай;4;Ljoshaa;4;ӇƛƖƦƠ;4;Hidi;4;;;;;;;;;;;;;;;;;;
Kaths01;3;Fedir;3;Damaceo (Клоун/Дурачок);3;putihestvinik;3;Slash;3;;;;;;;;;;;;;;;;
Alexander;4;Intellictual;4;Frantic;4;jofandool;4;Hidi;4;Armageddon;4;;;;;;;;;;;;;;
Protagonist 499 МОП;4;grobastas;4;Додич;4;Ай;4;strannik;4;;;;;;;;;;;;;;;;
pudj;2;jofandool;6;ХХХ_Леха2424_ХХХ;6;Настя;6;Hidi;6;;;;;;;;;;;;;;;;
Ай;5;Ljoshaa;4;Элифас;4;Wergis 8 МОП;4;;;;;;;;;;;;;;;;;;
pudj;2;Kaths01;5;REDICULUS;5;Sairam♤;5;Protagonist 499 МОП;5;;;;;;;;;;;;;;;;
Ай;3;Ljoshaa;2;Элифас;2;Wergis 8 МОП;2;;;;;;;;;;;;;;;;;;
Anime Show;5;Андрюша;5;SHIRUME (Гуах);5;Kvich;5;;;;;;;;;;;;;;;;;;
Alexander;7;Intellictual;6;Frantic;6;jofandool;6;Hidi;1;Armageddon;6;;;;;;;;;;;;;;
Kaths01;4;Intellictual;4;jofandool;4;;;;;;;;;;;;;;;;;;;;
Ай;4;ӇƛƖƦƠ;4;Элай;4;Ljoshaa;4;;;;;;;;;;;;;;;;;;
Anime Show;8;Додич;8;grobastas;8;Андрюша;8;;;;;;;;;;;;;;;;;;
Protagonist 499 МОП;5;strannik;5;dramedy;3;Lafelor 13 годиков;5;Kot_Est_Kapysty;5;;;;;;;;;;;;;;;;
pudj;2;Protagonist 499 МОП;5;Armageddon;5;Настя;5;;;;;;;;;;;;;;;;;;
pudj;2;Kaths01;4;Protagonist 499 МОП;4;Sairam♤;4;REDICULUS;4;;;;;;;;;;;;;;;;
Alexander;5;Pechinuxa;5;Додич;5;Frantic;5;Чебурекс;5;finebutbot;5;;;;;;;;;;;;;;
Alexander;6;Ljoshaa;4;jofandool;4;Damaceo (Клоун/Дурачок);4;Hidi;4;Lafelor 13 годиков;6;;;;;;;;;;;;;;
Kvich;10;Андрюша;10;R̸̼̓i̷̫̅́͛P̷̰͚̑k̷̪̂̂̋a̷̘͐͜Q̵̠̏̑;5;Додич;5;grobastas;5;dramedy;5;Anime Show;5;;;;;;;;;;;;
SnottyJoe;7;finebutbot;5;Kaths01;5;Андрюша;5;strannik;5;;;;;;;;;;;;;;;;
Alexander;6;Wergis 8 МОП;5;Pechinuxa;5;Damaceo (Клоун/Дурачок);4;Rixs 39 | 3 👼;5;Quarri;5;;;;;;;;;;;;;;
pudj;2;Kaths01;4;Настя;4;Hidi;4;REDICULUS;4;;;;;;;;;;;;;;;;
Alexander;7;Ljoshaa;6;Чебурекс;6;Protagonist 499 МОП;3;Rixs 39 | 3 👼;6;Quarri;6;Андрюша;6;;;;;;;;;;;;
Элифас;3;finebutbot;4;Pechinuxa;4;;;;;;;;;;;;;;;;;;;;
Protagonist 499 МОП;7;putihestvinik;7;Hidi;10;Kot_Est_Kapysty;7;;;;;;;;;;;;;;;;;;
Alexander;7;jofandool;6;Frantic;6;Lafelor 13 годиков;6;Quarri;6;Андрюша;6;;;;;;;;;;;;;;
Kaths01;5;Protagonist 499 МОП;5;Ljoshaa;5;Андрюша;5;strannik;5;putihestvinik;5;;;;;;;;;;;;;;
Танкред[Кеннет Западный][27 МОП];3;finebutbot;2;Pechinuxa;2;Элифас;2;;;;;;;;;;;;;;;;;;
Alexander;3;Wergis 8 МОП;3;Pechinuxa;3;R̸̼̓i̷̫̅́͛P̷̰͚̑k̷̪̂̂̋a̷̘͐͜Q̵̠̏̑;3;Kot_Est_Kapysty;3;putihestvinik;3;;;;;;;;;;;;;;
Alexander;4;Kvich;3;Ljoshaa;6;SHIRUME (Гуах);3;Андрюша;3;;;;;;;;;;;;;;;;
pudj;3;Protagonist 499 МОП;6;Armageddon;6;Hidi;6;Sairam♤;6;;;;;;;;;;;;;;;;
Anime Show;5;Андрюша;6;ARG;6;Hidi;6;putihestvinik;6;Damaceo (Клоун/Дурачок);6;;;;;;;;;;;;;;
Protagonist 499 МОП;3;Kot_Est_Kapysty;3;Fedir;3;Карта 32 мопса;3;putihestvinik;3;;;;;;;;;;;;;;;;
Quarri;7;Kaths01;7;Ljoshaa;7;Карта 32 мопса;7;Kot_Est_Kapysty;7;;;;;;;;;;;;;;;;
ӇƛƖƦƠ;3;Damaceo (Клоун/Дурачок);4;REDICULUS;4;Элай;4;SHIRUME (Гуах);4;;;;;;;;;;;;;;;;
pudj;3;Настя;6;Wergis 8 МОП;6;Hidi;6;jofandool;6;;;;;;;;;;;;;;;;
Anime Show;7;Damaceo (Клоун/Дурачок);6;витя;10;Lafelor 13 годиков;7;;;;;;;;;;;;;;;;;;
Ljoshaa;8;ARG;8;Ян (Ворчун) [Sego];8;Просто Бекон;8;dramedy;1;;;;;;;;;;;;;;;;
R̸̼̓i̷̫̅́͛P̷̰͚̑k̷̪̂̂̋a̷̘͐͜Q̵̠̏̑;5;Fedir;7;Hidi;7;Lafelor 13 годиков;7;Quarri;7;Андрюша;7;;;;;;;;;;;;;;
Protagonist 499 МОП;4;Kot_Est_Kapysty;4;Hidi;3;Карта 32 мопса;4;putihestvinik;4;;;;;;;;;;;;;;;;
pudj;2;Armageddon;5;Protagonist 499 МОП;5;Kaths01;5;;;;;;;;;;;;;;;;;;
pudj;2;REDICULUS;5;Sairam♤;5;jofandool;5;Fedir;5;;;;;;;;;;;;;;;;
Ай;4;Pechinuxa;4;Элифас;4;Quarri;4;;;;;;;;;;;;;;;;;;
Ай;4;Pechinuxa;4;Элифас;4;Quarri;4;;;;;;;;;;;;;;;;;;
Ян (Ворчун) [Sego];7;Ljoshaa;7;Fedir;7;Карта 32 мопса;7;Kvich;7;Чебурекс;7;Darius;7;;;;;;;;;;;;
pudj;2;REDICULUS;6;Kaths01;6;Wergis 8 МОП;6;;;;;;;;;;;;;;;;;;
pudj;1;Настя;3;jofandool;3;Hidi;3;;;;;;;;;;;;;;;;;;
Protagonist 499 МОП;6;Kot_Est_Kapysty;5;Hidi;5;Kaths01;5;ARG;4;Anime Show;1;;;;;;;;;;;;;;
R̸̼̓i̷̫̅́͛P̷̰͚̑k̷̪̂̂̋a̷̘͐͜Q̵̠̏̑;5;Андрюша;5;Lafelor 13 годиков;5;ARG;5;Grout Valmer;5;Sepiawhite;5;;;;;;;;;;;;;;
Wergis 8 МОП;4;Ljoshaa;4;Kvich;4;ARG;4;Grout Valmer;4;Dabalji;4;;;;;;;;;;;;;;
pudj;4;Sairam♤;9;Fedir;9;Protagonist 499 МОП;9;Armageddon;9;;;;;;;;;;;;;;;;
Ай;5;Pechinuxa;5;Элифас;5;Quarri;5;;;;;;;;;;;;;;;;;;
Alexander;7;Anime Show;6;strannik;6;Kvich;5;Quarri;6;Андрюша;6;putihestvinik;4;;;;;;;;;;;;
Ян (Ворчун) [Sego];7;Ljoshaa;7;Fedir;7;Карта 32 мопса;7;Kvich;7;Darius;7;;;;;;;;;;;;;;
pudj;1;Настя;3;jofandool;3;Hidi;3;;;;;;;;;;;;;;;;;;
ӇƛƖƦƠ;3;Damaceo (Клоун/Дурачок);3;REDICULUS;3;Элай;3;SHIRUME (Гуах);3;;;;;;;;;;;;;;;;
Protagonist 499 МОП;7;Ljoshaa;7;Карта 32 мопса;7;ARG;7;Yurolips;7;;;;;;;;;;;;;;;;
R̸̼̓i̷̫̅́͛P̷̰͚̑k̷̪̂̂̋a̷̘͐͜Q̵̠̏̑;1;Андрюша;1;Lafelor 13 годиков;1;ARG;1;Grout Valmer;1;Sepiawhite;1;;;;;;;;;;;;;;
Андрюша;5;R̸̼̓i̷̫̅́͛P̷̰͚̑k̷̪̂̂̋a̷̘͐͜Q̵̠̏̑;5;Kot_Est_Kapysty;5;Dabalji;5;Lafelor 13 годиков;5;;;;;;;;;;;;;;;;
Sepiawhite;5;Андрюша;5;Hidi;5;Ljoshaa;5;ARG;5;;;;;;;;;;;;;;;;
pudj;2;Sairam♤;6;Kaths01;6;Protagonist 499 МОП;6;Armageddon;6;;;;;;;;;;;;;;;;
pudj;3;ХХХ_Леха2424_ХХХ;7;Fedir;7;Wergis 8 МОП;7;REDICULUS;7;;;;;;;;;;;;;;;;
SnottyJoe;4;Hidi;4;Damaceo (Клоун/Дурачок);4;Astraliym;4;Ljoshaa;4;;;;;;;;;;;;;;;;
ӇƛƖƦƠ;4;Damaceo (Клоун/Дурачок);4;REDICULUS;4;Элай;4;SHIRUME (Гуах);4;;;;;;;;;;;;;;;;
pudj;3;Protagonist 499 МОП;7;Hidi;7;Wergis 8 МОП;7;Настя;7;;;;;;;;;;;;;;;;
Sepiawhite;5;Protagonist 499 МОП;5;Grout Valmer;5;Viz28;5;Абба (Френсис 3ур);5;;;;;;;;;;;;;;;;
pudj;2;Armageddon;5;Fedir;5;REDICULUS;5;Sairam♤;5;;;;;;;;;;;;;;;;
Quarri;5;Pechinuxa;5;Grammulka 27 МОП;5;Darius;5;Anime Show;5;Ай;5;;;;;;;;;;;;;;
Alexander;6;Anime Show;5;strannik;5;Kvich;5;Quarri;5;Андрюша;5;;;;;;;;;;;;;;
Armageddon;4;Grammulka 27 МОП;4;Абба (Френсис 3ур);4;Grout Valmer;4;Viz28;4;;;;;;;;;;;;;;;;
Wergis 8 МОП;3;Kvich;3;Ljoshaa;3;Додич;3;Grout Valmer;3;ARG;3;;;;;;;;;;;;;;
Sepiawhite;4;Grout Valmer;4;Viz28;4;Абба (Френсис 3ур);4;;;;;;;;;;;;;;;;;;
pudj;6;Андрюша;6;Frantic;6;Kot_Est_Kapysty;6;Ljoshaa;6;SHIRUME (Гуах);6;ӇƛƖƦƠ;6;putihestvinik;6;;;;;;;;;;
Protagonist 499 МОП;3;Kaths01;3;Hidi;3;;;;;;;;;;;;;;;;;;;;
Alexander;9;Anime Show;8;strannik;8;Kvich;8;Quarri;8;Андрюша;8;;;;;;;;;;;;;;
Ян (Ворчун) [Sego];5;Карта 32 мопса;5;Darius;5;Grout Valmer;5;Grammulka 27 МОП;5;Fedir;5;;;;;;;;;;;;;;
Sepiawhite;3;Grout Valmer;3;Абба (Френсис 3ур);3;Viz28;3;;;;;;;;;;;;;;;;;;
Protagonist 499 МОП;1;Kaths01;1;Hidi;1;;;;;;;;;;;;;;;;;;;;
SnottyJoe;5;Hidi;5;Damaceo (Клоун/Дурачок);5;Astraliym;5;Ljoshaa;5;;;;;;;;;;;;;;;;
Ljoshaa;4;Deflector95;4;WastelandWolf;4;Тим Тим;4;Андрюша;0;;;;;;;;;;;;;;;;
Protagonist 499 МОП;3;ARG;3;Lafelor 13 годиков;3;Hidi;3;;;;;;;;;;;;;;;;;;
Ай;3;Элай;3;Kaths01;3;Hidi;3;;;;;;;;;;;;;;;;;;
Ай;5;Элай;4;Kaths01;4;Hidi;4;;;;;;;;;;;;;;;;;;
Anime Show;6;Ljoshaa;6;Андрюша;6;Карта 32 мопса;6;;;;;;;;;;;;;;;;;;
pudj;5;Андрюша;6;Frantic;6;Kot_Est_Kapysty;6;Ljoshaa;6;SHIRUME (Гуах);6;ӇƛƖƦƠ;6;putihestvinik;6;;;;;;;;;;
Ян (Ворчун) [Sego];7;Карта 32 мопса;7;Darius;7;Grout Valmer;7;Grammulka 27 МОП;7;Fedir;7;;;;;;;;;;;;;;
ӇƛƖƦƠ;4;Damaceo (Клоун/Дурачок);4;REDICULUS;4;Элай;4;SHIRUME (Гуах);4;;;;;;;;;;;;;;;;
Anime Show;5;мышьяк;4;Viz28;4;Protagonist 499 МОП;4;;;;;;;;;;;;;;;;;;
Андрюша;6;Anime Show;7;Grammulka 27 МОП;7;Карта 32 мопса;7;Valente;7;Quarri;7;;;;;;;;;;;;;;
pudj;2;Wergis 8 МОП;6;ХХХ_Леха2424_ХХХ;6;Настя;6;;;;;;;;;;;;;;;;;;
pudj;3;Protagonist 499 МОП;8;REDICULUS;8;Fedir;8;Sairam♤;8;;;;;;;;;;;;;;;;
Ай;5;Pechinuxa;5;Элай;5;Grammulka 27 МОП;5;Чебурекс;5;;;;;;;;;;;;;;;;
Protagonist 499 МОП;5;Андрюша;5;Kvich;5;strannik;5;Kot_Est_Kapysty;5;Ljoshaa;5;;;;;;;;;;;;;;
Anime Show;7;Alexander;8;Viz28;1;SHIRUME (Гуах);4;;;;;;;;;;;;;;;;;;
Protagonist 499 МОП;3;Ганрю;3;Grammulka 27 МОП;3;ARG;3;Hidi;3;;;;;;;;;;;;;;;;
Ай;5;Protagonist 499 МОП;5;Grammulka 27 МОП;5;Pechinuxa;5;Kaths01;5;Элифас;5;;;;;;;;;;;;;;
Ян (Ворчун) [Sego];6;Карта 32 мопса;5;Darius;5;Fedir;5;Damaceo (Клоун/Дурачок);5;Wergis 8 МОП;5;;;;;;;;;;;;;;
𝓷𝓾𝓵𝓮𝓿𝓸𝔂;4;Grammulka 27 МОП;4;Shpishk;4;TЯN;4;ARG;4;;;;;;;;;;;;;;;;
Protagonist 499 МОП;4;Ай;4;Grammulka 27 МОП;4;ARG;4;TЯN;4;;;;;;;;;;;;;;;;
pudj;3;Protagonist 499 МОП;8;ХХХ_Леха2424_ХХХ;8;Настя;8;jofandool;8;;;;;;;;;;;;;;;;
pudj;3;Kaths01;7;Fedir;7;Wergis 8 МОП;7;REDICULUS;7;;;;;;;;;;;;;;;;
Protagonist 499 МОП;1;Hidi;2;Grammulka 27 МОП;2;Ганрю;2;ARG;2;;;;;;;;;;;;;;;;
Protagonist 499 МОП;3;Андрюша;3;Kvich;3;strannik;3;Kot_Est_Kapysty;3;Frantic;3;;;;;;;;;;;;;;
SnottyJoe;6;TЯN;6;Wergis 8 МОП;6;Viz28;6;Ай;6;;;;;;;;;;;;;;;;
Ай;4;Protagonist 499 МОП;4;Grammulka 27 МОП;4;Pechinuxa;4;Kaths01;4;Элифас;4;;;;;;;;;;;;;;
Ян (Ворчун) [Sego];5;Карта 32 мопса;5;Darius;5;Damaceo (Клоун/Дурачок);5;Wergis 8 МОП;5;Hidi;5;;;;;;;;;;;;;;
Protagonist 499 МОП;7;Grammulka 27 МОП;7;Anime Show;7;TЯN;7;WastelandWolf;7;Тим Тим;7;;;;;;;;;;;;;;
pudj;3;Protagonist 499 МОП;7;Kaths01;7;Настя;7;Hidi;7;;;;;;;;;;;;;;;;
pudj;2;Wergis 8 МОП;5;ХХХ_Леха2424_ХХХ;5;REDICULUS;5;;;;;;;;;;;;;;;;;;
Alexander;8;Hidi;7;Viz28;7;TЯN;7;Damaceo (Клоун/Дурачок);7;Quarri;7;;;;;;;;;;;;;;
Ай;2;Protagonist 499 МОП;2;Grammulka 27 МОП;2;Pechinuxa;2;Kaths01;2;Элифас;2;;;;;;;;;;;;;;
Protagonist 499 МОП;3;Андрюша;3;strannik;3;Kvich;3;Kot_Est_Kapysty;3;Frantic;0;;;;;;;;;;;;;;
R̸̼̓i̷̫̅́͛P̷̰͚̑k̷̪̂̂̋a̷̘͐͜Q̵̠̏̑;4;Карта 32 мопса;4;Hidi;4;Андрюша;4;Protagonist 499 МОП;4;ARG;4;;;;;;;;;;;;;;
Alexander;6;Карта 32 мопса;5;Viz28;5;TЯN;5;𝚂𝚊𝚔𝚢𝚛𝚊;5;finebutbot;4;ARG;5;;;;;;;;;;;;
Kaths01;3;ARG;3;;;;;;;;;;;;;;;;;;;;;;
Ай;4;ARG;4;TЯN;4;Чебурекс;4;Hidi;4;𝚂𝚊𝚔𝚢𝚛𝚊;4;Viz28;4;;;;;;;;;;;;
